{
  "project_info": {
    "project_number": "231938337012",
    "project_id": "bio-project-a5586",
    "storage_bucket": "bio-project-a5586.appspot.com"
  },
  "client": [
    {
      "client_info": {
        "mobilesdk_app_id": "1:231938337012:android:9d58a349cab7b902ccd6a1",
        "android_client_info": {
          "package_name": "com.example.bio_project"
        }
      },
      "oauth_client": [],
      "api_key": [
        {
          "current_key": "AIzaSyAtn619tzp7YN_UsGMC5jV-XY9wrUX7prk"
        }
      ],
      "services": {
        "appinvite_service": {
          "other_platform_oauth_client": []
        }
      }
    }
  ],
  "configuration_version": "1"
}